int,string,string
1,2025-04-09,2025-09-28
2,2025-04-13,2025-05-02
3,2025-07-20,2025-12-15
4,2025-05-01,2025-06-03
5,2025-08-31,2025-12-23
6,2025-09-11,2026-02-26
7,2025-05-31,2025-07-21
8,2025-04-12,2025-12-11
9,2025-04-23,2025-12-14
10,2025-11-18,2026-01-15
11,2025-07-11,2025-09-23
12,2025-06-18,2026-01-04
13,2025-02-21,2025-09-25
14,2025-07-10,2025-08-09
15,2025-11-11,NULL
16,2025-10-10,NULL
17,2025-11-02,2026-02-26
18,2025-07-02,2026-04-02
19,2025-07-22,2025-12-10
20,2025-05-17,2026-02-28
21,2025-06-28,2025-09-01
22,2025-02-11,NULL
23,2025-07-16,2026-04-19
24,2025-05-09,2025-10-19
25,2025-09-21,NULL
26,2025-05-10,2025-05-17
27,2025-07-10,2026-02-21
28,2025-12-15,2026-02-05
29,2025-04-23,2025-07-27
30,2025-04-14,2025-11-26
31,2025-06-20,NULL
32,2025-04-11,2025-11-03
33,2025-06-05,2025-10-11
34,2026-03-17,NULL
35,2025-05-05,2025-05-14
36,2025-10-08,NULL
37,2025-09-18,2026-01-01
38,2025-05-10,2025-06-15
39,2025-05-16,2025-09-10
40,2025-05-12,2025-06-27
41,2025-11-02,2025-11-04
42,2025-05-25,2025-08-11
43,2026-01-01,2026-03-21
44,2025-06-23,2025-06-29
45,2026-01-17,2026-02-19
46,2025-07-07,NULL
47,2025-03-27,2025-04-19
48,2025-10-25,NULL
49,2025-03-07,2025-07-02
50,2025-03-04,2026-02-19
51,2025-05-25,2025-09-18
52,2025-11-08,NULL
53,2025-06-21,NULL
54,2025-07-11,2025-12-15
55,2025-02-25,2025-06-26
56,2025-07-05,NULL
57,2025-06-14,NULL
58,2025-06-03,2026-02-24
59,2025-09-18,2026-03-17
60,2025-06-20,NULL
61,2025-05-08,2025-11-15
62,2025-06-11,2025-09-04
63,2025-08-30,2026-03-16
64,2025-09-02,2026-01-23
65,2025-04-10,2025-06-16
66,2025-09-29,2025-12-23
67,2025-05-17,2026-01-14
68,2025-04-05,2025-06-14
69,2025-04-18,2025-10-26
70,2025-09-03,2026-01-27
71,2025-08-20,2026-01-20
72,2025-06-04,NULL
73,2025-06-14,NULL
74,2025-06-03,2025-07-30
75,2025-07-31,2026-02-14
76,2025-05-13,2025-11-01
77,2025-08-09,2025-12-05
78,2025-05-13,2026-02-03
79,2025-08-25,2025-12-17
80,2025-11-26,NULL
81,2025-09-26,NULL
82,2025-03-02,NULL
83,2025-06-11,NULL
84,2025-12-19,2026-01-11
85,2025-07-23,2025-10-30
86,2025-04-29,2025-10-02
87,2025-05-18,2026-01-04
88,2025-04-08,2026-03-17
89,2025-08-26,NULL
90,2025-11-10,2026-03-09
91,2025-05-24,2025-07-08
92,2025-11-04,2026-04-10
93,2025-12-09,NULL
94,2025-12-26,2026-03-24
95,2025-06-25,NULL
96,2025-09-18,2025-12-14
97,2025-11-20,NULL
98,2025-06-23,2025-07-07
99,2025-10-23,2026-01-14
100,2025-08-31,NULL