string,string,string,string,string
853902193,4735477422,Maegan,Z,Amy
668729344,7892483314,Brandyn,A,Cuxson
907118461,8522246896,Simonne,E,Prescote
358402845,5702063505,Angie,P,Crowther
151853450,2001209491,Maria,N,Crosoer
550274636,6405715407,Benedicto,,Paulon
277190765,1935640438,Boothe,M,Jiggen
687375233,2508044987,Randolph,E,Sommerville
458609124,1570151117,Armstrong,D,Westberg
948051987,9222479621,Susana,,Alchin
139180228,3333890977,Vite,N,Roberson
813256839,9642308039,Arvie,Z,Denes
403549526,8967528984,Elke,B,Banbrick
372117954,2445210810,Giavani,J,McIlvenny
904679336,1400379123,Cristal,F,Pestridge
102022792,7729649182,Jerad,C,Markey
164557155,6860689263,Adolph,P,Gowrich
607263115,5762866345,Leone,P,Wytchard
206837329,4587413482,Diane-marie,I,Heap
243770696,9730803617,Bald,R,Aubrun
331392776,4602566088,Marna,C,Mournian
387021720,7542616816,Dani,I,Chestnut
131253326,4874954581,Waiter,P,Manclark
884987095,1841951622,Shea,E,Krauze
254019907,7275192052,Marisa,,Botterman
893152138,9482244952,Fan,J,Van Velde
414822070,4352327577,Diarmid,I,Anelay
624440194,1630110352,Guss,K,Abade
441236621,6282395919,Shirley,L,Cookley
187136923,5895115398,Chancey,J,Deaconson
953387978,8956190513,Andy,M,Brimble
700334775,5885508053,Etheline,N,Conechie
539910021,1436381078,Felicle,G,Andrag
289161382,7596682843,Max,R,Flavelle
446680583,8841019825,Steffi,O,Bellefonte
935854420,3243683088,Dame,M,Lipyeat
636548360,8940580059,Chick,,Turnell
346143759,6739007720,Ambrose,N,Tinson
212963114,3944847561,Kerwin,P,Ysson
916814918,7025409364,Penni,G,Syson
511589324,8570404660,Galven,C,Roughsedge
329579184,1127406071,Germayne,,Le Provest
964612146,9365620045,Dannie,,Mattersley
899688332,6981153704,Toma,I,Snuggs
426267047,9465365560,Belle,K,Massingberd
678258046,1461850947,Curt,J,Blowin
951128243,3698365583,Alika,N,Gantlett
899114773,2456702415,Layla,F,Coning
233708896,6575129792,Lorelle,Q,Cottham
543419899,6336624195,Hy,E,Quilliam
443179463,2534926112,Henryetta,K,Le Marquis
621411632,2199754321,Fawnia,I,Van de Vlies
514984611,7777256017,Dione,K,McKerley
270736000,4917930042,Viola,H,Hornbuckle
947459983,9464403864,Tiffy,J,Whitcher
992546034,4656338324,Lena,Q,Currum
548953005,1109499793,Nata,E,Tincombe
936254137,7495909759,Robinet,I,Quayle
937196508,3466115263,Moria,Z,Skipp
109660217,7110978850,Bjorn,I,Reid
228118441,4017114571,Shelley,,Follan
383878340,6844647054,Birdie,C,Swigger
459387830,6676923221,Sherwin,J,Linggood
400248213,8851665730,Boniface,C,Kielt
835453113,4400057581,Ailina,I,Pozzi
972931912,4715772228,Angele,N,Stair
731596583,5463350052,Danell,R,Joselevitz
793256337,8044231405,Jania,O,Reams
611235802,5166509982,Armando,J,Boscott
272833970,1568371317,Stephan,I,McTeer
973783903,6008624948,Siward,N,Youngman
437260759,6083820295,Rutledge,C,Gircke
549669552,8857342611,Lorrayne,G,Abbison
721786309,9159143483,Evy,Q,Arent
421669918,6785508647,Aguste,G,Fredson
185666306,3457001832,Esma,A,Dittson
618583162,1394019625,Roxine,A,Squirrel
458253657,4816694165,Jennie,D,Hedylstone
852795057,8285741379,Patrizio,D,Norssister
310071370,3256984934,Marlene,M,Fagg
140336590,5054687231,Theresina,J,Knipe
895667047,9629766002,Lynnette,O,Rushmare
165006134,2247211538,Pavia,Q,Katt
622228320,2401308269,Hendrik,M,Penhallurick
138343017,5349269793,Catharine,R,Watmough
808229833,3711363932,Lyndel,R,Landman
163263855,7887618104,Norris,I,Fishpoole
314119721,3214794223,Trueman,G,Halpen
903051896,7401740991,Lewes,,Jumonet
582535689,1663619345,Malvina,,Narramore
902082048,2829880221,Ulrica,K,Oury
512327148,9003765182,Skip,F,Winpenny
930790582,1933773413,Meghan,A,Richemont
886059645,3434789289,Giffie,H,Soppit
897218262,8835843025,Hadlee,G,Welford
293832965,9794618856,Odey,I,Fitzsymonds
787208539,2560935055,Anet,A,Felder
844019837,6410894924,Lorena,M,Dawtry
131881423,5569948358,Benji,Q,Rollings
352617874,7753568166,Chrisy,J,Roocroft
